dataset,scenario_id,fault_type,severity,duration_windows,replicate,channel_fraction,normalized_start,scenario_seed,profile,clean_test_points,channel_count,window_size,stride,channel_names
skab,additive_s0.5_d1_r0,additive,0.5,1,0,0.1,0.19314785094034892,56731232,manuscript,1881,8,32,4,"Accelerometer1RMS,Accelerometer2RMS,Current,Pressure,Temperature,Thermocouple,Voltage,RateRMS"
skab,additive_s0.5_d1_r1,additive,0.5,1,1,0.25,0.42381472091478806,1374203059,manuscript,1881,8,32,4,"Accelerometer1RMS,Accelerometer2RMS,Current,Pressure,Temperature,Thermocouple,Voltage,RateRMS"
skab,additive_s0.5_d1_r2,additive,0.5,1,2,0.5,0.3464004216864384,1381800716,manuscript,1881,8,32,4,"Accelerometer1RMS,Accelerometer2RMS,Current,Pressure,Temperature,Thermocouple,Voltage,RateRMS"
skab,additive_s0.5_d2_r0,additive,0.5,2,0,0.1,0.6824145966826121,762179171,manuscript,1881,8,32,4,"Accelerometer1RMS,Accelerometer2RMS,Current,Pressure,Temperature,Thermocouple,Voltage,RateRMS"
skab,additive_s0.5_d2_r1,additive,0.5,2,1,0.25,0.7741150693417391,1548783627,manuscript,1881,8,32,4,"Accelerometer1RMS,Accelerometer2RMS,Current,Pressure,Temperature,Thermocouple,Voltage,RateRMS"
skab,additive_s0.5_d2_r2,additive,0.5,2,2,0.5,0.5722278421481055,380863079,manuscript,1881,8,32,4,"Accelerometer1RMS,Accelerometer2RMS,Current,Pressure,Temperature,Thermocouple,Voltage,RateRMS"
skab,additive_s0.5_d4_r0,additive,0.5,4,0,0.1,0.2886422138844554,355781145,manuscript,1881,8,32,4,"Accelerometer1RMS,Accelerometer2RMS,Current,Pressure,Temperature,Thermocouple,Voltage,RateRMS"
skab,additive_s0.5_d4_r1,additive,0.5,4,1,0.25,0.7858801284298226,2076535512,manuscript,1881,8,32,4,"Accelerometer1RMS,Accelerometer2RMS,Current,Pressure,Temperature,Thermocouple,Voltage,RateRMS"
skab,additive_s0.5_d4_r2,additive,0.5,4,2,0.5,0.5586966433157211,1297454207,manuscript,1881,8,32,4,"Accelerometer1RMS,Accelerometer2RMS,Current,Pressure,Temperature,Thermocouple,Voltage,RateRMS"
skab,additive_s0.5_d8_r0,additive,0.5,8,0,0.1,0.46212295705788137,1616479868,manuscript,1881,8,32,4,"Accelerometer1RMS,Accelerometer2RMS,Current,Pressure,Temperature,Thermocouple,Voltage,RateRMS"
skab,additive_s0.5_d8_r1,additive,0.5,8,1,0.25,0.710716206700456,1408935049,manuscript,1881,8,32,4,"Accelerometer1RMS,Accelerometer2RMS,Current,Pressure,Temperature,Thermocouple,Voltage,RateRMS"
skab,additive_s0.5_d8_r2,additive,0.5,8,2,0.5,0.32104996265100944,962889889,manuscript,1881,8,32,4,"Accelerometer1RMS,Accelerometer2RMS,Current,Pressure,Temperature,Thermocouple,Voltage,RateRMS"
skab,additive_s1_d1_r0,additive,1.0,1,0,0.1,0.2723193724001272,313805772,manuscript,1881,8,32,4,"Accelerometer1RMS,Accelerometer2RMS,Current,Pressure,Temperature,Thermocouple,Voltage,RateRMS"
skab,additive_s1_d1_r1,additive,1.0,1,1,0.25,0.47065347467619867,486046539,manuscript,1881,8,32,4,"Accelerometer1RMS,Accelerometer2RMS,Current,Pressure,Temperature,Thermocouple,Voltage,RateRMS"
skab,additive_s1_d1_r2,additive,1.0,1,2,0.5,0.3947296485475451,581507469,manuscript,1881,8,32,4,"Accelerometer1RMS,Accelerometer2RMS,Current,Pressure,Temperature,Thermocouple,Voltage,RateRMS"
skab,additive_s1_d2_r0,additive,1.0,2,0,0.1,0.06027238589344526,1424169537,manuscript,1881,8,32,4,"Accelerometer1RMS,Accelerometer2RMS,Current,Pressure,Temperature,Thermocouple,Voltage,RateRMS"
skab,additive_s1_d2_r1,additive,1.0,2,1,0.25,0.4081615212309766,2127514460,manuscript,1881,8,32,4,"Accelerometer1RMS,Accelerometer2RMS,Current,Pressure,Temperature,Thermocouple,Voltage,RateRMS"
skab,additive_s1_d2_r2,additive,1.0,2,2,0.5,0.2063180798972432,784219798,manuscript,1881,8,32,4,"Accelerometer1RMS,Accelerometer2RMS,Current,Pressure,Temperature,Thermocouple,Voltage,RateRMS"
skab,additive_s1_d4_r0,additive,1.0,4,0,0.1,0.5258926968048422,701295860,manuscript,1881,8,32,4,"Accelerometer1RMS,Accelerometer2RMS,Current,Pressure,Temperature,Thermocouple,Voltage,RateRMS"
skab,additive_s1_d4_r1,additive,1.0,4,1,0.25,0.28999320299611986,934827884,manuscript,1881,8,32,4,"Accelerometer1RMS,Accelerometer2RMS,Current,Pressure,Temperature,Thermocouple,Voltage,RateRMS"
skab,additive_s1_d4_r2,additive,1.0,4,2,0.5,0.21753289698897565,2008422700,manuscript,1881,8,32,4,"Accelerometer1RMS,Accelerometer2RMS,Current,Pressure,Temperature,Thermocouple,Voltage,RateRMS"
skab,additive_s1_d8_r0,additive,1.0,8,0,0.1,0.6879698524171461,1878240859,manuscript,1881,8,32,4,"Accelerometer1RMS,Accelerometer2RMS,Current,Pressure,Temperature,Thermocouple,Voltage,RateRMS"
skab,additive_s1_d8_r1,additive,1.0,8,1,0.25,0.5353677413479832,443874592,manuscript,1881,8,32,4,"Accelerometer1RMS,Accelerometer2RMS,Current,Pressure,Temperature,Thermocouple,Voltage,RateRMS"
skab,additive_s1_d8_r2,additive,1.0,8,2,0.5,0.8074558327837187,741097849,manuscript,1881,8,32,4,"Accelerometer1RMS,Accelerometer2RMS,Current,Pressure,Temperature,Thermocouple,Voltage,RateRMS"
skab,additive_s2_d1_r0,additive,2.0,1,0,0.1,0.5007018996020364,1277876283,manuscript,1881,8,32,4,"Accelerometer1RMS,Accelerometer2RMS,Current,Pressure,Temperature,Thermocouple,Voltage,RateRMS"
skab,additive_s2_d1_r1,additive,2.0,1,1,0.25,0.7703596792033777,929350906,manuscript,1881,8,32,4,"Accelerometer1RMS,Accelerometer2RMS,Current,Pressure,Temperature,Thermocouple,Voltage,RateRMS"
skab,additive_s2_d1_r2,additive,2.0,1,2,0.5,0.3054734431214899,876960787,manuscript,1881,8,32,4,"Accelerometer1RMS,Accelerometer2RMS,Current,Pressure,Temperature,Thermocouple,Voltage,RateRMS"
skab,additive_s2_d2_r0,additive,2.0,2,0,0.1,0.30105626180989603,1494637602,manuscript,1881,8,32,4,"Accelerometer1RMS,Accelerometer2RMS,Current,Pressure,Temperature,Thermocouple,Voltage,RateRMS"
skab,additive_s2_d2_r1,additive,2.0,2,1,0.25,0.25924243704944,227041180,manuscript,1881,8,32,4,"Accelerometer1RMS,Accelerometer2RMS,Current,Pressure,Temperature,Thermocouple,Voltage,RateRMS"
skab,additive_s2_d2_r2,additive,2.0,2,2,0.5,0.23231358312588613,1505044349,manuscript,1881,8,32,4,"Accelerometer1RMS,Accelerometer2RMS,Current,Pressure,Temperature,Thermocouple,Voltage,RateRMS"
skab,additive_s2_d4_r0,additive,2.0,4,0,0.1,0.44448825838790457,1015247637,manuscript,1881,8,32,4,"Accelerometer1RMS,Accelerometer2RMS,Current,Pressure,Temperature,Thermocouple,Voltage,RateRMS"
skab,additive_s2_d4_r1,additive,2.0,4,1,0.25,0.20112509180356675,1245601617,manuscript,1881,8,32,4,"Accelerometer1RMS,Accelerometer2RMS,Current,Pressure,Temperature,Thermocouple,Voltage,RateRMS"
skab,additive_s2_d4_r2,additive,2.0,4,2,0.5,0.6349925266867558,2088732387,manuscript,1881,8,32,4,"Accelerometer1RMS,Accelerometer2RMS,Current,Pressure,Temperature,Thermocouple,Voltage,RateRMS"
skab,additive_s2_d8_r0,additive,2.0,8,0,0.1,0.5472026077007501,1177858411,manuscript,1881,8,32,4,"Accelerometer1RMS,Accelerometer2RMS,Current,Pressure,Temperature,Thermocouple,Voltage,RateRMS"
skab,additive_s2_d8_r1,additive,2.0,8,1,0.25,0.3477154534374639,770410468,manuscript,1881,8,32,4,"Accelerometer1RMS,Accelerometer2RMS,Current,Pressure,Temperature,Thermocouple,Voltage,RateRMS"
skab,additive_s2_d8_r2,additive,2.0,8,2,0.5,0.44586374233364495,902358154,manuscript,1881,8,32,4,"Accelerometer1RMS,Accelerometer2RMS,Current,Pressure,Temperature,Thermocouple,Voltage,RateRMS"
skab,additive_s3_d1_r0,additive,3.0,1,0,0.1,0.42597672992493585,72987592,manuscript,1881,8,32,4,"Accelerometer1RMS,Accelerometer2RMS,Current,Pressure,Temperature,Thermocouple,Voltage,RateRMS"
skab,additive_s3_d1_r1,additive,3.0,1,1,0.25,0.5117420035969593,1450924182,manuscript,1881,8,32,4,"Accelerometer1RMS,Accelerometer2RMS,Current,Pressure,Temperature,Thermocouple,Voltage,RateRMS"
skab,additive_s3_d1_r2,additive,3.0,1,2,0.5,0.383016514393973,1711792828,manuscript,1881,8,32,4,"Accelerometer1RMS,Accelerometer2RMS,Current,Pressure,Temperature,Thermocouple,Voltage,RateRMS"
skab,additive_s3_d2_r0,additive,3.0,2,0,0.1,0.6852248486204033,3870525,manuscript,1881,8,32,4,"Accelerometer1RMS,Accelerometer2RMS,Current,Pressure,Temperature,Thermocouple,Voltage,RateRMS"
skab,additive_s3_d2_r1,additive,3.0,2,1,0.25,0.4655073769154684,1616452963,manuscript,1881,8,32,4,"Accelerometer1RMS,Accelerometer2RMS,Current,Pressure,Temperature,Thermocouple,Voltage,RateRMS"
skab,additive_s3_d2_r2,additive,3.0,2,2,0.5,0.44996401792895513,701249325,manuscript,1881,8,32,4,"Accelerometer1RMS,Accelerometer2RMS,Current,Pressure,Temperature,Thermocouple,Voltage,RateRMS"
skab,additive_s3_d4_r0,additive,3.0,4,0,0.1,0.12475674679569444,375083758,manuscript,1881,8,32,4,"Accelerometer1RMS,Accelerometer2RMS,Current,Pressure,Temperature,Thermocouple,Voltage,RateRMS"
skab,additive_s3_d4_r1,additive,3.0,4,1,0.25,0.8417889340676027,1942837201,manuscript,1881,8,32,4,"Accelerometer1RMS,Accelerometer2RMS,Current,Pressure,Temperature,Thermocouple,Voltage,RateRMS"
skab,additive_s3_d4_r2,additive,3.0,4,2,0.5,0.09698817401246637,550207905,manuscript,1881,8,32,4,"Accelerometer1RMS,Accelerometer2RMS,Current,Pressure,Temperature,Thermocouple,Voltage,RateRMS"
skab,additive_s3_d8_r0,additive,3.0,8,0,0.1,0.6340516622552668,769295684,manuscript,1881,8,32,4,"Accelerometer1RMS,Accelerometer2RMS,Current,Pressure,Temperature,Thermocouple,Voltage,RateRMS"
skab,additive_s3_d8_r1,additive,3.0,8,1,0.25,0.30139050497430614,816066928,manuscript,1881,8,32,4,"Accelerometer1RMS,Accelerometer2RMS,Current,Pressure,Temperature,Thermocouple,Voltage,RateRMS"
skab,additive_s3_d8_r2,additive,3.0,8,2,0.5,0.3832567698520239,1217730083,manuscript,1881,8,32,4,"Accelerometer1RMS,Accelerometer2RMS,Current,Pressure,Temperature,Thermocouple,Voltage,RateRMS"
skab,proportional_s0.5_d1_r0,proportional,0.5,1,0,0.1,0.6693697261046999,1118315731,manuscript,1881,8,32,4,"Accelerometer1RMS,Accelerometer2RMS,Current,Pressure,Temperature,Thermocouple,Voltage,RateRMS"
skab,proportional_s0.5_d1_r1,proportional,0.5,1,1,0.25,0.7607163410533413,2058286627,manuscript,1881,8,32,4,"Accelerometer1RMS,Accelerometer2RMS,Current,Pressure,Temperature,Thermocouple,Voltage,RateRMS"
skab,proportional_s0.5_d1_r2,proportional,0.5,1,2,0.5,0.5467483721600396,640462066,manuscript,1881,8,32,4,"Accelerometer1RMS,Accelerometer2RMS,Current,Pressure,Temperature,Thermocouple,Voltage,RateRMS"
skab,proportional_s0.5_d2_r0,proportional,0.5,2,0,0.1,0.8076496666493301,344186466,manuscript,1881,8,32,4,"Accelerometer1RMS,Accelerometer2RMS,Current,Pressure,Temperature,Thermocouple,Voltage,RateRMS"
skab,proportional_s0.5_d2_r1,proportional,0.5,2,1,0.25,0.06890594293742085,80611196,manuscript,1881,8,32,4,"Accelerometer1RMS,Accelerometer2RMS,Current,Pressure,Temperature,Thermocouple,Voltage,RateRMS"
skab,proportional_s0.5_d2_r2,proportional,0.5,2,2,0.5,0.2752907944804766,639326189,manuscript,1881,8,32,4,"Accelerometer1RMS,Accelerometer2RMS,Current,Pressure,Temperature,Thermocouple,Voltage,RateRMS"
skab,proportional_s0.5_d4_r0,proportional,0.5,4,0,0.1,0.5874607853781637,128256396,manuscript,1881,8,32,4,"Accelerometer1RMS,Accelerometer2RMS,Current,Pressure,Temperature,Thermocouple,Voltage,RateRMS"
skab,proportional_s0.5_d4_r1,proportional,0.5,4,1,0.25,0.12431083900595778,1046604215,manuscript,1881,8,32,4,"Accelerometer1RMS,Accelerometer2RMS,Current,Pressure,Temperature,Thermocouple,Voltage,RateRMS"
skab,proportional_s0.5_d4_r2,proportional,0.5,4,2,0.5,0.060286310195944284,1826633043,manuscript,1881,8,32,4,"Accelerometer1RMS,Accelerometer2RMS,Current,Pressure,Temperature,Thermocouple,Voltage,RateRMS"
skab,proportional_s0.5_d8_r0,proportional,0.5,8,0,0.1,0.44318666587274086,1297758183,manuscript,1881,8,32,4,"Accelerometer1RMS,Accelerometer2RMS,Current,Pressure,Temperature,Thermocouple,Voltage,RateRMS"
skab,proportional_s0.5_d8_r1,proportional,0.5,8,1,0.25,0.5311056970723209,1000785577,manuscript,1881,8,32,4,"Accelerometer1RMS,Accelerometer2RMS,Current,Pressure,Temperature,Thermocouple,Voltage,RateRMS"
skab,proportional_s0.5_d8_r2,proportional,0.5,8,2,0.5,0.762367286639744,1211232024,manuscript,1881,8,32,4,"Accelerometer1RMS,Accelerometer2RMS,Current,Pressure,Temperature,Thermocouple,Voltage,RateRMS"
skab,proportional_s1_d1_r0,proportional,1.0,1,0,0.1,0.7847174862964774,370358028,manuscript,1881,8,32,4,"Accelerometer1RMS,Accelerometer2RMS,Current,Pressure,Temperature,Thermocouple,Voltage,RateRMS"
skab,proportional_s1_d1_r1,proportional,1.0,1,1,0.25,0.8036966955764273,404279175,manuscript,1881,8,32,4,"Accelerometer1RMS,Accelerometer2RMS,Current,Pressure,Temperature,Thermocouple,Voltage,RateRMS"
skab,proportional_s1_d1_r2,proportional,1.0,1,2,0.5,0.6801813010582268,1252172750,manuscript,1881,8,32,4,"Accelerometer1RMS,Accelerometer2RMS,Current,Pressure,Temperature,Thermocouple,Voltage,RateRMS"
skab,proportional_s1_d2_r0,proportional,1.0,2,0,0.1,0.5776858139927594,1372298426,manuscript,1881,8,32,4,"Accelerometer1RMS,Accelerometer2RMS,Current,Pressure,Temperature,Thermocouple,Voltage,RateRMS"
skab,proportional_s1_d2_r1,proportional,1.0,2,1,0.25,0.486848183920514,1690175565,manuscript,1881,8,32,4,"Accelerometer1RMS,Accelerometer2RMS,Current,Pressure,Temperature,Thermocouple,Voltage,RateRMS"
skab,proportional_s1_d2_r2,proportional,1.0,2,2,0.5,0.23661056496011096,1969807935,manuscript,1881,8,32,4,"Accelerometer1RMS,Accelerometer2RMS,Current,Pressure,Temperature,Thermocouple,Voltage,RateRMS"
skab,proportional_s1_d4_r0,proportional,1.0,4,0,0.1,0.5294527938156647,1575488498,manuscript,1881,8,32,4,"Accelerometer1RMS,Accelerometer2RMS,Current,Pressure,Temperature,Thermocouple,Voltage,RateRMS"
skab,proportional_s1_d4_r1,proportional,1.0,4,1,0.25,0.15780916129690398,1748573659,manuscript,1881,8,32,4,"Accelerometer1RMS,Accelerometer2RMS,Current,Pressure,Temperature,Thermocouple,Voltage,RateRMS"
skab,proportional_s1_d4_r2,proportional,1.0,4,2,0.5,0.5424066194870936,286767821,manuscript,1881,8,32,4,"Accelerometer1RMS,Accelerometer2RMS,Current,Pressure,Temperature,Thermocouple,Voltage,RateRMS"
skab,proportional_s1_d8_r0,proportional,1.0,8,0,0.1,0.6628290731730263,865078301,manuscript,1881,8,32,4,"Accelerometer1RMS,Accelerometer2RMS,Current,Pressure,Temperature,Thermocouple,Voltage,RateRMS"
skab,proportional_s1_d8_r1,proportional,1.0,8,1,0.25,0.10417148849643247,610715049,manuscript,1881,8,32,4,"Accelerometer1RMS,Accelerometer2RMS,Current,Pressure,Temperature,Thermocouple,Voltage,RateRMS"
skab,proportional_s1_d8_r2,proportional,1.0,8,2,0.5,0.7356629519893174,1303123960,manuscript,1881,8,32,4,"Accelerometer1RMS,Accelerometer2RMS,Current,Pressure,Temperature,Thermocouple,Voltage,RateRMS"
skab,proportional_s2_d1_r0,proportional,2.0,1,0,0.1,0.5526782898904725,2029113416,manuscript,1881,8,32,4,"Accelerometer1RMS,Accelerometer2RMS,Current,Pressure,Temperature,Thermocouple,Voltage,RateRMS"
skab,proportional_s2_d1_r1,proportional,2.0,1,1,0.25,0.5746368447375113,690067446,manuscript,1881,8,32,4,"Accelerometer1RMS,Accelerometer2RMS,Current,Pressure,Temperature,Thermocouple,Voltage,RateRMS"
skab,proportional_s2_d1_r2,proportional,2.0,1,2,0.5,0.3205222741888086,1208571653,manuscript,1881,8,32,4,"Accelerometer1RMS,Accelerometer2RMS,Current,Pressure,Temperature,Thermocouple,Voltage,RateRMS"
skab,proportional_s2_d2_r0,proportional,2.0,2,0,0.1,0.1526755211536428,1435792079,manuscript,1881,8,32,4,"Accelerometer1RMS,Accelerometer2RMS,Current,Pressure,Temperature,Thermocouple,Voltage,RateRMS"
skab,proportional_s2_d2_r1,proportional,2.0,2,1,0.25,0.27399339535671413,717069142,manuscript,1881,8,32,4,"Accelerometer1RMS,Accelerometer2RMS,Current,Pressure,Temperature,Thermocouple,Voltage,RateRMS"
skab,proportional_s2_d2_r2,proportional,2.0,2,2,0.5,0.11712751117015267,70262182,manuscript,1881,8,32,4,"Accelerometer1RMS,Accelerometer2RMS,Current,Pressure,Temperature,Thermocouple,Voltage,RateRMS"
skab,proportional_s2_d4_r0,proportional,2.0,4,0,0.1,0.49381569585320517,904793335,manuscript,1881,8,32,4,"Accelerometer1RMS,Accelerometer2RMS,Current,Pressure,Temperature,Thermocouple,Voltage,RateRMS"
skab,proportional_s2_d4_r1,proportional,2.0,4,1,0.25,0.46286607011018543,497568142,manuscript,1881,8,32,4,"Accelerometer1RMS,Accelerometer2RMS,Current,Pressure,Temperature,Thermocouple,Voltage,RateRMS"
skab,proportional_s2_d4_r2,proportional,2.0,4,2,0.5,0.5776556264582728,2133297284,manuscript,1881,8,32,4,"Accelerometer1RMS,Accelerometer2RMS,Current,Pressure,Temperature,Thermocouple,Voltage,RateRMS"
skab,proportional_s2_d8_r0,proportional,2.0,8,0,0.1,0.3340488116708309,1892332909,manuscript,1881,8,32,4,"Accelerometer1RMS,Accelerometer2RMS,Current,Pressure,Temperature,Thermocouple,Voltage,RateRMS"
skab,proportional_s2_d8_r1,proportional,2.0,8,1,0.25,0.3049431731509961,1845632828,manuscript,1881,8,32,4,"Accelerometer1RMS,Accelerometer2RMS,Current,Pressure,Temperature,Thermocouple,Voltage,RateRMS"
skab,proportional_s2_d8_r2,proportional,2.0,8,2,0.5,0.14427971561951622,673594198,manuscript,1881,8,32,4,"Accelerometer1RMS,Accelerometer2RMS,Current,Pressure,Temperature,Thermocouple,Voltage,RateRMS"
skab,proportional_s3_d1_r0,proportional,3.0,1,0,0.1,0.5805466917258115,621455199,manuscript,1881,8,32,4,"Accelerometer1RMS,Accelerometer2RMS,Current,Pressure,Temperature,Thermocouple,Voltage,RateRMS"
skab,proportional_s3_d1_r1,proportional,3.0,1,1,0.25,0.428403888690391,1760194809,manuscript,1881,8,32,4,"Accelerometer1RMS,Accelerometer2RMS,Current,Pressure,Temperature,Thermocouple,Voltage,RateRMS"
skab,proportional_s3_d1_r2,proportional,3.0,1,2,0.5,0.4966379175588379,405966658,manuscript,1881,8,32,4,"Accelerometer1RMS,Accelerometer2RMS,Current,Pressure,Temperature,Thermocouple,Voltage,RateRMS"
skab,proportional_s3_d2_r0,proportional,3.0,2,0,0.1,0.6091321373219909,2058320370,manuscript,1881,8,32,4,"Accelerometer1RMS,Accelerometer2RMS,Current,Pressure,Temperature,Thermocouple,Voltage,RateRMS"
skab,proportional_s3_d2_r1,proportional,3.0,2,1,0.25,0.6460279093181215,1006466132,manuscript,1881,8,32,4,"Accelerometer1RMS,Accelerometer2RMS,Current,Pressure,Temperature,Thermocouple,Voltage,RateRMS"
skab,proportional_s3_d2_r2,proportional,3.0,2,2,0.5,0.2226324608672951,1910183176,manuscript,1881,8,32,4,"Accelerometer1RMS,Accelerometer2RMS,Current,Pressure,Temperature,Thermocouple,Voltage,RateRMS"
skab,proportional_s3_d4_r0,proportional,3.0,4,0,0.1,0.5701328466565525,1518181560,manuscript,1881,8,32,4,"Accelerometer1RMS,Accelerometer2RMS,Current,Pressure,Temperature,Thermocouple,Voltage,RateRMS"
skab,proportional_s3_d4_r1,proportional,3.0,4,1,0.25,0.7237823437788206,1540592968,manuscript,1881,8,32,4,"Accelerometer1RMS,Accelerometer2RMS,Current,Pressure,Temperature,Thermocouple,Voltage,RateRMS"
skab,proportional_s3_d4_r2,proportional,3.0,4,2,0.5,0.32502843680151544,1493541700,manuscript,1881,8,32,4,"Accelerometer1RMS,Accelerometer2RMS,Current,Pressure,Temperature,Thermocouple,Voltage,RateRMS"
skab,proportional_s3_d8_r0,proportional,3.0,8,0,0.1,0.5335204846420846,1479175366,manuscript,1881,8,32,4,"Accelerometer1RMS,Accelerometer2RMS,Current,Pressure,Temperature,Thermocouple,Voltage,RateRMS"
skab,proportional_s3_d8_r1,proportional,3.0,8,1,0.25,0.3774888270581322,293973366,manuscript,1881,8,32,4,"Accelerometer1RMS,Accelerometer2RMS,Current,Pressure,Temperature,Thermocouple,Voltage,RateRMS"
skab,proportional_s3_d8_r2,proportional,3.0,8,2,0.5,0.3324387470265123,218368501,manuscript,1881,8,32,4,"Accelerometer1RMS,Accelerometer2RMS,Current,Pressure,Temperature,Thermocouple,Voltage,RateRMS"
skab,gradual_s0.5_d1_r0,gradual,0.5,1,0,0.1,0.8207877984963831,520492979,manuscript,1881,8,32,4,"Accelerometer1RMS,Accelerometer2RMS,Current,Pressure,Temperature,Thermocouple,Voltage,RateRMS"
skab,gradual_s0.5_d1_r1,gradual,0.5,1,1,0.25,0.14091039487054047,464980679,manuscript,1881,8,32,4,"Accelerometer1RMS,Accelerometer2RMS,Current,Pressure,Temperature,Thermocouple,Voltage,RateRMS"
skab,gradual_s0.5_d1_r2,gradual,0.5,1,2,0.5,0.34414353978960616,1330083279,manuscript,1881,8,32,4,"Accelerometer1RMS,Accelerometer2RMS,Current,Pressure,Temperature,Thermocouple,Voltage,RateRMS"
skab,gradual_s0.5_d2_r0,gradual,0.5,2,0,0.1,0.26375914546901713,216854600,manuscript,1881,8,32,4,"Accelerometer1RMS,Accelerometer2RMS,Current,Pressure,Temperature,Thermocouple,Voltage,RateRMS"
skab,gradual_s0.5_d2_r1,gradual,0.5,2,1,0.25,0.7815648976823396,772176077,manuscript,1881,8,32,4,"Accelerometer1RMS,Accelerometer2RMS,Current,Pressure,Temperature,Thermocouple,Voltage,RateRMS"
skab,gradual_s0.5_d2_r2,gradual,0.5,2,2,0.5,0.5187116116374606,684579307,manuscript,1881,8,32,4,"Accelerometer1RMS,Accelerometer2RMS,Current,Pressure,Temperature,Thermocouple,Voltage,RateRMS"
skab,gradual_s0.5_d4_r0,gradual,0.5,4,0,0.1,0.24099582364396122,1451980612,manuscript,1881,8,32,4,"Accelerometer1RMS,Accelerometer2RMS,Current,Pressure,Temperature,Thermocouple,Voltage,RateRMS"
skab,gradual_s0.5_d4_r1,gradual,0.5,4,1,0.25,0.152125110131906,1434475964,manuscript,1881,8,32,4,"Accelerometer1RMS,Accelerometer2RMS,Current,Pressure,Temperature,Thermocouple,Voltage,RateRMS"
skab,gradual_s0.5_d4_r2,gradual,0.5,4,2,0.5,0.6818475066204039,572397562,manuscript,1881,8,32,4,"Accelerometer1RMS,Accelerometer2RMS,Current,Pressure,Temperature,Thermocouple,Voltage,RateRMS"
skab,gradual_s0.5_d8_r0,gradual,0.5,8,0,0.1,0.196928309673145,908269715,manuscript,1881,8,32,4,"Accelerometer1RMS,Accelerometer2RMS,Current,Pressure,Temperature,Thermocouple,Voltage,RateRMS"
skab,gradual_s0.5_d8_r1,gradual,0.5,8,1,0.25,0.6565996525187928,1859310555,manuscript,1881,8,32,4,"Accelerometer1RMS,Accelerometer2RMS,Current,Pressure,Temperature,Thermocouple,Voltage,RateRMS"
skab,gradual_s0.5_d8_r2,gradual,0.5,8,2,0.5,0.40051600826477524,1190312688,manuscript,1881,8,32,4,"Accelerometer1RMS,Accelerometer2RMS,Current,Pressure,Temperature,Thermocouple,Voltage,RateRMS"
skab,gradual_s1_d1_r0,gradual,1.0,1,0,0.1,0.24250083345101858,1033244115,manuscript,1881,8,32,4,"Accelerometer1RMS,Accelerometer2RMS,Current,Pressure,Temperature,Thermocouple,Voltage,RateRMS"
skab,gradual_s1_d1_r1,gradual,1.0,1,1,0.25,0.3422280453627684,1677970477,manuscript,1881,8,32,4,"Accelerometer1RMS,Accelerometer2RMS,Current,Pressure,Temperature,Thermocouple,Voltage,RateRMS"
skab,gradual_s1_d1_r2,gradual,1.0,1,2,0.5,0.08447255250767656,1173169435,manuscript,1881,8,32,4,"Accelerometer1RMS,Accelerometer2RMS,Current,Pressure,Temperature,Thermocouple,Voltage,RateRMS"
skab,gradual_s1_d2_r0,gradual,1.0,2,0,0.1,0.07437184649991604,2073114720,manuscript,1881,8,32,4,"Accelerometer1RMS,Accelerometer2RMS,Current,Pressure,Temperature,Thermocouple,Voltage,RateRMS"
skab,gradual_s1_d2_r1,gradual,1.0,2,1,0.25,0.14637526209909932,1486360621,manuscript,1881,8,32,4,"Accelerometer1RMS,Accelerometer2RMS,Current,Pressure,Temperature,Thermocouple,Voltage,RateRMS"
skab,gradual_s1_d2_r2,gradual,1.0,2,2,0.5,0.21628395325754696,1000324793,manuscript,1881,8,32,4,"Accelerometer1RMS,Accelerometer2RMS,Current,Pressure,Temperature,Thermocouple,Voltage,RateRMS"
skab,gradual_s1_d4_r0,gradual,1.0,4,0,0.1,0.3181080300688763,966423756,manuscript,1881,8,32,4,"Accelerometer1RMS,Accelerometer2RMS,Current,Pressure,Temperature,Thermocouple,Voltage,RateRMS"
skab,gradual_s1_d4_r1,gradual,1.0,4,1,0.25,0.8162735618071625,1218837075,manuscript,1881,8,32,4,"Accelerometer1RMS,Accelerometer2RMS,Current,Pressure,Temperature,Thermocouple,Voltage,RateRMS"
skab,gradual_s1_d4_r2,gradual,1.0,4,2,0.5,0.7990497794062758,1205363900,manuscript,1881,8,32,4,"Accelerometer1RMS,Accelerometer2RMS,Current,Pressure,Temperature,Thermocouple,Voltage,RateRMS"
skab,gradual_s1_d8_r0,gradual,1.0,8,0,0.1,0.7326509250079994,158690400,manuscript,1881,8,32,4,"Accelerometer1RMS,Accelerometer2RMS,Current,Pressure,Temperature,Thermocouple,Voltage,RateRMS"
skab,gradual_s1_d8_r1,gradual,1.0,8,1,0.25,0.18425892410579614,645803812,manuscript,1881,8,32,4,"Accelerometer1RMS,Accelerometer2RMS,Current,Pressure,Temperature,Thermocouple,Voltage,RateRMS"
skab,gradual_s1_d8_r2,gradual,1.0,8,2,0.5,0.2870777742785594,1742538824,manuscript,1881,8,32,4,"Accelerometer1RMS,Accelerometer2RMS,Current,Pressure,Temperature,Thermocouple,Voltage,RateRMS"
skab,gradual_s2_d1_r0,gradual,2.0,1,0,0.1,0.6242674858263185,387085220,manuscript,1881,8,32,4,"Accelerometer1RMS,Accelerometer2RMS,Current,Pressure,Temperature,Thermocouple,Voltage,RateRMS"
skab,gradual_s2_d1_r1,gradual,2.0,1,1,0.25,0.730441007805084,1543596653,manuscript,1881,8,32,4,"Accelerometer1RMS,Accelerometer2RMS,Current,Pressure,Temperature,Thermocouple,Voltage,RateRMS"
skab,gradual_s2_d1_r2,gradual,2.0,1,2,0.5,0.8337006790811948,1547865059,manuscript,1881,8,32,4,"Accelerometer1RMS,Accelerometer2RMS,Current,Pressure,Temperature,Thermocouple,Voltage,RateRMS"
skab,gradual_s2_d2_r0,gradual,2.0,2,0,0.1,0.5526467669395129,591590626,manuscript,1881,8,32,4,"Accelerometer1RMS,Accelerometer2RMS,Current,Pressure,Temperature,Thermocouple,Voltage,RateRMS"
skab,gradual_s2_d2_r1,gradual,2.0,2,1,0.25,0.6414086365096273,1480421713,manuscript,1881,8,32,4,"Accelerometer1RMS,Accelerometer2RMS,Current,Pressure,Temperature,Thermocouple,Voltage,RateRMS"
skab,gradual_s2_d2_r2,gradual,2.0,2,2,0.5,0.5803690702150791,171002700,manuscript,1881,8,32,4,"Accelerometer1RMS,Accelerometer2RMS,Current,Pressure,Temperature,Thermocouple,Voltage,RateRMS"
skab,gradual_s2_d4_r0,gradual,2.0,4,0,0.1,0.30721241224659834,1170836210,manuscript,1881,8,32,4,"Accelerometer1RMS,Accelerometer2RMS,Current,Pressure,Temperature,Thermocouple,Voltage,RateRMS"
skab,gradual_s2_d4_r1,gradual,2.0,4,1,0.25,0.48957724626780724,346752129,manuscript,1881,8,32,4,"Accelerometer1RMS,Accelerometer2RMS,Current,Pressure,Temperature,Thermocouple,Voltage,RateRMS"
skab,gradual_s2_d4_r2,gradual,2.0,4,2,0.5,0.4195068776620541,1597598504,manuscript,1881,8,32,4,"Accelerometer1RMS,Accelerometer2RMS,Current,Pressure,Temperature,Thermocouple,Voltage,RateRMS"
skab,gradual_s2_d8_r0,gradual,2.0,8,0,0.1,0.5635340723226855,1239269504,manuscript,1881,8,32,4,"Accelerometer1RMS,Accelerometer2RMS,Current,Pressure,Temperature,Thermocouple,Voltage,RateRMS"
skab,gradual_s2_d8_r1,gradual,2.0,8,1,0.25,0.44893508907880136,864048207,manuscript,1881,8,32,4,"Accelerometer1RMS,Accelerometer2RMS,Current,Pressure,Temperature,Thermocouple,Voltage,RateRMS"
skab,gradual_s2_d8_r2,gradual,2.0,8,2,0.5,0.19233135871280355,1943796342,manuscript,1881,8,32,4,"Accelerometer1RMS,Accelerometer2RMS,Current,Pressure,Temperature,Thermocouple,Voltage,RateRMS"
skab,gradual_s3_d1_r0,gradual,3.0,1,0,0.1,0.2810333192075403,2138705200,manuscript,1881,8,32,4,"Accelerometer1RMS,Accelerometer2RMS,Current,Pressure,Temperature,Thermocouple,Voltage,RateRMS"
skab,gradual_s3_d1_r1,gradual,3.0,1,1,0.25,0.6695056160629288,764980149,manuscript,1881,8,32,4,"Accelerometer1RMS,Accelerometer2RMS,Current,Pressure,Temperature,Thermocouple,Voltage,RateRMS"
skab,gradual_s3_d1_r2,gradual,3.0,1,2,0.5,0.5716784934927636,48203910,manuscript,1881,8,32,4,"Accelerometer1RMS,Accelerometer2RMS,Current,Pressure,Temperature,Thermocouple,Voltage,RateRMS"
skab,gradual_s3_d2_r0,gradual,3.0,2,0,0.1,0.6455535124751328,443289330,manuscript,1881,8,32,4,"Accelerometer1RMS,Accelerometer2RMS,Current,Pressure,Temperature,Thermocouple,Voltage,RateRMS"
skab,gradual_s3_d2_r1,gradual,3.0,2,1,0.25,0.6672296303253954,1410450475,manuscript,1881,8,32,4,"Accelerometer1RMS,Accelerometer2RMS,Current,Pressure,Temperature,Thermocouple,Voltage,RateRMS"
skab,gradual_s3_d2_r2,gradual,3.0,2,2,0.5,0.11269832393774894,1654080951,manuscript,1881,8,32,4,"Accelerometer1RMS,Accelerometer2RMS,Current,Pressure,Temperature,Thermocouple,Voltage,RateRMS"
skab,gradual_s3_d4_r0,gradual,3.0,4,0,0.1,0.21971131906061803,1852590698,manuscript,1881,8,32,4,"Accelerometer1RMS,Accelerometer2RMS,Current,Pressure,Temperature,Thermocouple,Voltage,RateRMS"
skab,gradual_s3_d4_r1,gradual,3.0,4,1,0.25,0.7535456478973686,1922824703,manuscript,1881,8,32,4,"Accelerometer1RMS,Accelerometer2RMS,Current,Pressure,Temperature,Thermocouple,Voltage,RateRMS"
skab,gradual_s3_d4_r2,gradual,3.0,4,2,0.5,0.21445812607733822,584491954,manuscript,1881,8,32,4,"Accelerometer1RMS,Accelerometer2RMS,Current,Pressure,Temperature,Thermocouple,Voltage,RateRMS"
skab,gradual_s3_d8_r0,gradual,3.0,8,0,0.1,0.2601466067581449,1184070209,manuscript,1881,8,32,4,"Accelerometer1RMS,Accelerometer2RMS,Current,Pressure,Temperature,Thermocouple,Voltage,RateRMS"
skab,gradual_s3_d8_r1,gradual,3.0,8,1,0.25,0.38302781725290463,1497549056,manuscript,1881,8,32,4,"Accelerometer1RMS,Accelerometer2RMS,Current,Pressure,Temperature,Thermocouple,Voltage,RateRMS"
skab,gradual_s3_d8_r2,gradual,3.0,8,2,0.5,0.2754081893894014,44978710,manuscript,1881,8,32,4,"Accelerometer1RMS,Accelerometer2RMS,Current,Pressure,Temperature,Thermocouple,Voltage,RateRMS"
skab,noise_s0.5_d1_r0,noise,0.5,1,0,0.1,0.2665447211567281,849506571,manuscript,1881,8,32,4,"Accelerometer1RMS,Accelerometer2RMS,Current,Pressure,Temperature,Thermocouple,Voltage,RateRMS"
skab,noise_s0.5_d1_r1,noise,0.5,1,1,0.25,0.5203761733062603,1973817698,manuscript,1881,8,32,4,"Accelerometer1RMS,Accelerometer2RMS,Current,Pressure,Temperature,Thermocouple,Voltage,RateRMS"
skab,noise_s0.5_d1_r2,noise,0.5,1,2,0.5,0.1920131947452926,309785943,manuscript,1881,8,32,4,"Accelerometer1RMS,Accelerometer2RMS,Current,Pressure,Temperature,Thermocouple,Voltage,RateRMS"
skab,noise_s0.5_d2_r0,noise,0.5,2,0,0.1,0.4443489297519632,918187863,manuscript,1881,8,32,4,"Accelerometer1RMS,Accelerometer2RMS,Current,Pressure,Temperature,Thermocouple,Voltage,RateRMS"
skab,noise_s0.5_d2_r1,noise,0.5,2,1,0.25,0.559888093940845,1984746195,manuscript,1881,8,32,4,"Accelerometer1RMS,Accelerometer2RMS,Current,Pressure,Temperature,Thermocouple,Voltage,RateRMS"
skab,noise_s0.5_d2_r2,noise,0.5,2,2,0.5,0.38679416587547466,1143423050,manuscript,1881,8,32,4,"Accelerometer1RMS,Accelerometer2RMS,Current,Pressure,Temperature,Thermocouple,Voltage,RateRMS"
skab,noise_s0.5_d4_r0,noise,0.5,4,0,0.1,0.2986344094202435,1117061585,manuscript,1881,8,32,4,"Accelerometer1RMS,Accelerometer2RMS,Current,Pressure,Temperature,Thermocouple,Voltage,RateRMS"
skab,noise_s0.5_d4_r1,noise,0.5,4,1,0.25,0.8306656109365833,1234802042,manuscript,1881,8,32,4,"Accelerometer1RMS,Accelerometer2RMS,Current,Pressure,Temperature,Thermocouple,Voltage,RateRMS"
skab,noise_s0.5_d4_r2,noise,0.5,4,2,0.5,0.492389571508973,666734600,manuscript,1881,8,32,4,"Accelerometer1RMS,Accelerometer2RMS,Current,Pressure,Temperature,Thermocouple,Voltage,RateRMS"
skab,noise_s0.5_d8_r0,noise,0.5,8,0,0.1,0.06221794814691926,1904844079,manuscript,1881,8,32,4,"Accelerometer1RMS,Accelerometer2RMS,Current,Pressure,Temperature,Thermocouple,Voltage,RateRMS"
skab,noise_s0.5_d8_r1,noise,0.5,8,1,0.25,0.2124779222583973,1761999240,manuscript,1881,8,32,4,"Accelerometer1RMS,Accelerometer2RMS,Current,Pressure,Temperature,Thermocouple,Voltage,RateRMS"
skab,noise_s0.5_d8_r2,noise,0.5,8,2,0.5,0.5055783175958154,1857075093,manuscript,1881,8,32,4,"Accelerometer1RMS,Accelerometer2RMS,Current,Pressure,Temperature,Thermocouple,Voltage,RateRMS"
skab,noise_s1_d1_r0,noise,1.0,1,0,0.1,0.44004646290963084,1097041349,manuscript,1881,8,32,4,"Accelerometer1RMS,Accelerometer2RMS,Current,Pressure,Temperature,Thermocouple,Voltage,RateRMS"
skab,noise_s1_d1_r1,noise,1.0,1,1,0.25,0.2862125703116005,792001179,manuscript,1881,8,32,4,"Accelerometer1RMS,Accelerometer2RMS,Current,Pressure,Temperature,Thermocouple,Voltage,RateRMS"
skab,noise_s1_d1_r2,noise,1.0,1,2,0.5,0.5930638372428396,1539410566,manuscript,1881,8,32,4,"Accelerometer1RMS,Accelerometer2RMS,Current,Pressure,Temperature,Thermocouple,Voltage,RateRMS"
skab,noise_s1_d2_r0,noise,1.0,2,0,0.1,0.3981877659252919,785410051,manuscript,1881,8,32,4,"Accelerometer1RMS,Accelerometer2RMS,Current,Pressure,Temperature,Thermocouple,Voltage,RateRMS"
skab,noise_s1_d2_r1,noise,1.0,2,1,0.25,0.6714786303420691,19073965,manuscript,1881,8,32,4,"Accelerometer1RMS,Accelerometer2RMS,Current,Pressure,Temperature,Thermocouple,Voltage,RateRMS"
skab,noise_s1_d2_r2,noise,1.0,2,2,0.5,0.8449254827317164,2031912460,manuscript,1881,8,32,4,"Accelerometer1RMS,Accelerometer2RMS,Current,Pressure,Temperature,Thermocouple,Voltage,RateRMS"
skab,noise_s1_d4_r0,noise,1.0,4,0,0.1,0.4379321896057063,1173390806,manuscript,1881,8,32,4,"Accelerometer1RMS,Accelerometer2RMS,Current,Pressure,Temperature,Thermocouple,Voltage,RateRMS"
skab,noise_s1_d4_r1,noise,1.0,4,1,0.25,0.06993888194808422,296715786,manuscript,1881,8,32,4,"Accelerometer1RMS,Accelerometer2RMS,Current,Pressure,Temperature,Thermocouple,Voltage,RateRMS"
skab,noise_s1_d4_r2,noise,1.0,4,2,0.5,0.4457253644464706,678266995,manuscript,1881,8,32,4,"Accelerometer1RMS,Accelerometer2RMS,Current,Pressure,Temperature,Thermocouple,Voltage,RateRMS"
skab,noise_s1_d8_r0,noise,1.0,8,0,0.1,0.14417046398587557,163971096,manuscript,1881,8,32,4,"Accelerometer1RMS,Accelerometer2RMS,Current,Pressure,Temperature,Thermocouple,Voltage,RateRMS"
skab,noise_s1_d8_r1,noise,1.0,8,1,0.25,0.23787126359187993,1109085614,manuscript,1881,8,32,4,"Accelerometer1RMS,Accelerometer2RMS,Current,Pressure,Temperature,Thermocouple,Voltage,RateRMS"
skab,noise_s1_d8_r2,noise,1.0,8,2,0.5,0.17978284601645267,2130288955,manuscript,1881,8,32,4,"Accelerometer1RMS,Accelerometer2RMS,Current,Pressure,Temperature,Thermocouple,Voltage,RateRMS"
skab,noise_s2_d1_r0,noise,2.0,1,0,0.1,0.1381056951979328,15864634,manuscript,1881,8,32,4,"Accelerometer1RMS,Accelerometer2RMS,Current,Pressure,Temperature,Thermocouple,Voltage,RateRMS"
skab,noise_s2_d1_r1,noise,2.0,1,1,0.25,0.5476557927622709,1966931327,manuscript,1881,8,32,4,"Accelerometer1RMS,Accelerometer2RMS,Current,Pressure,Temperature,Thermocouple,Voltage,RateRMS"
skab,noise_s2_d1_r2,noise,2.0,1,2,0.5,0.6419205618806713,90812709,manuscript,1881,8,32,4,"Accelerometer1RMS,Accelerometer2RMS,Current,Pressure,Temperature,Thermocouple,Voltage,RateRMS"
skab,noise_s2_d2_r0,noise,2.0,2,0,0.1,0.7970660071913555,761784295,manuscript,1881,8,32,4,"Accelerometer1RMS,Accelerometer2RMS,Current,Pressure,Temperature,Thermocouple,Voltage,RateRMS"
skab,noise_s2_d2_r1,noise,2.0,2,1,0.25,0.8308805082856546,860460272,manuscript,1881,8,32,4,"Accelerometer1RMS,Accelerometer2RMS,Current,Pressure,Temperature,Thermocouple,Voltage,RateRMS"
skab,noise_s2_d2_r2,noise,2.0,2,2,0.5,0.8394722212223097,1199274487,manuscript,1881,8,32,4,"Accelerometer1RMS,Accelerometer2RMS,Current,Pressure,Temperature,Thermocouple,Voltage,RateRMS"
skab,noise_s2_d4_r0,noise,2.0,4,0,0.1,0.4546354822550055,498456565,manuscript,1881,8,32,4,"Accelerometer1RMS,Accelerometer2RMS,Current,Pressure,Temperature,Thermocouple,Voltage,RateRMS"
skab,noise_s2_d4_r1,noise,2.0,4,1,0.25,0.6783472011679212,944335069,manuscript,1881,8,32,4,"Accelerometer1RMS,Accelerometer2RMS,Current,Pressure,Temperature,Thermocouple,Voltage,RateRMS"
skab,noise_s2_d4_r2,noise,2.0,4,2,0.5,0.5653981354642711,1738844736,manuscript,1881,8,32,4,"Accelerometer1RMS,Accelerometer2RMS,Current,Pressure,Temperature,Thermocouple,Voltage,RateRMS"
skab,noise_s2_d8_r0,noise,2.0,8,0,0.1,0.46195142879654455,430635662,manuscript,1881,8,32,4,"Accelerometer1RMS,Accelerometer2RMS,Current,Pressure,Temperature,Thermocouple,Voltage,RateRMS"
skab,noise_s2_d8_r1,noise,2.0,8,1,0.25,0.0631675675891877,1898520356,manuscript,1881,8,32,4,"Accelerometer1RMS,Accelerometer2RMS,Current,Pressure,Temperature,Thermocouple,Voltage,RateRMS"
skab,noise_s2_d8_r2,noise,2.0,8,2,0.5,0.48395670895709686,1880465211,manuscript,1881,8,32,4,"Accelerometer1RMS,Accelerometer2RMS,Current,Pressure,Temperature,Thermocouple,Voltage,RateRMS"
skab,noise_s3_d1_r0,noise,3.0,1,0,0.1,0.08694962283474492,124033353,manuscript,1881,8,32,4,"Accelerometer1RMS,Accelerometer2RMS,Current,Pressure,Temperature,Thermocouple,Voltage,RateRMS"
skab,noise_s3_d1_r1,noise,3.0,1,1,0.25,0.8495491742169478,2013821958,manuscript,1881,8,32,4,"Accelerometer1RMS,Accelerometer2RMS,Current,Pressure,Temperature,Thermocouple,Voltage,RateRMS"
skab,noise_s3_d1_r2,noise,3.0,1,2,0.5,0.6398443402298084,229321043,manuscript,1881,8,32,4,"Accelerometer1RMS,Accelerometer2RMS,Current,Pressure,Temperature,Thermocouple,Voltage,RateRMS"
skab,noise_s3_d2_r0,noise,3.0,2,0,0.1,0.5231354256278402,926260064,manuscript,1881,8,32,4,"Accelerometer1RMS,Accelerometer2RMS,Current,Pressure,Temperature,Thermocouple,Voltage,RateRMS"
skab,noise_s3_d2_r1,noise,3.0,2,1,0.25,0.058185521725336115,1316294112,manuscript,1881,8,32,4,"Accelerometer1RMS,Accelerometer2RMS,Current,Pressure,Temperature,Thermocouple,Voltage,RateRMS"
skab,noise_s3_d2_r2,noise,3.0,2,2,0.5,0.3147995505363904,232893148,manuscript,1881,8,32,4,"Accelerometer1RMS,Accelerometer2RMS,Current,Pressure,Temperature,Thermocouple,Voltage,RateRMS"
skab,noise_s3_d4_r0,noise,3.0,4,0,0.1,0.3790149507908993,907550023,manuscript,1881,8,32,4,"Accelerometer1RMS,Accelerometer2RMS,Current,Pressure,Temperature,Thermocouple,Voltage,RateRMS"
skab,noise_s3_d4_r1,noise,3.0,4,1,0.25,0.1865838212706034,1623387755,manuscript,1881,8,32,4,"Accelerometer1RMS,Accelerometer2RMS,Current,Pressure,Temperature,Thermocouple,Voltage,RateRMS"
skab,noise_s3_d4_r2,noise,3.0,4,2,0.5,0.14288378887672878,1503517927,manuscript,1881,8,32,4,"Accelerometer1RMS,Accelerometer2RMS,Current,Pressure,Temperature,Thermocouple,Voltage,RateRMS"
skab,noise_s3_d8_r0,noise,3.0,8,0,0.1,0.7604256959895713,1497792391,manuscript,1881,8,32,4,"Accelerometer1RMS,Accelerometer2RMS,Current,Pressure,Temperature,Thermocouple,Voltage,RateRMS"
skab,noise_s3_d8_r1,noise,3.0,8,1,0.25,0.7537338018380589,1723273995,manuscript,1881,8,32,4,"Accelerometer1RMS,Accelerometer2RMS,Current,Pressure,Temperature,Thermocouple,Voltage,RateRMS"
skab,noise_s3_d8_r2,noise,3.0,8,2,0.5,0.8368538400677367,1593252909,manuscript,1881,8,32,4,"Accelerometer1RMS,Accelerometer2RMS,Current,Pressure,Temperature,Thermocouple,Voltage,RateRMS"
skab,stuck_s0.5_d1_r0,stuck,0.5,1,0,0.1,0.46767368527262215,1509535855,manuscript,1881,8,32,4,"Accelerometer1RMS,Accelerometer2RMS,Current,Pressure,Temperature,Thermocouple,Voltage,RateRMS"
skab,stuck_s0.5_d1_r1,stuck,0.5,1,1,0.25,0.38374194751047236,1663159024,manuscript,1881,8,32,4,"Accelerometer1RMS,Accelerometer2RMS,Current,Pressure,Temperature,Thermocouple,Voltage,RateRMS"
skab,stuck_s0.5_d1_r2,stuck,0.5,1,2,0.5,0.33260452849327043,702493073,manuscript,1881,8,32,4,"Accelerometer1RMS,Accelerometer2RMS,Current,Pressure,Temperature,Thermocouple,Voltage,RateRMS"
skab,stuck_s0.5_d2_r0,stuck,0.5,2,0,0.1,0.39456560299584215,1955975548,manuscript,1881,8,32,4,"Accelerometer1RMS,Accelerometer2RMS,Current,Pressure,Temperature,Thermocouple,Voltage,RateRMS"
skab,stuck_s0.5_d2_r1,stuck,0.5,2,1,0.25,0.6471768295669889,1730161956,manuscript,1881,8,32,4,"Accelerometer1RMS,Accelerometer2RMS,Current,Pressure,Temperature,Thermocouple,Voltage,RateRMS"
skab,stuck_s0.5_d2_r2,stuck,0.5,2,2,0.5,0.13977033925465437,1067347939,manuscript,1881,8,32,4,"Accelerometer1RMS,Accelerometer2RMS,Current,Pressure,Temperature,Thermocouple,Voltage,RateRMS"
skab,stuck_s0.5_d4_r0,stuck,0.5,4,0,0.1,0.15150086232524823,484049278,manuscript,1881,8,32,4,"Accelerometer1RMS,Accelerometer2RMS,Current,Pressure,Temperature,Thermocouple,Voltage,RateRMS"
skab,stuck_s0.5_d4_r1,stuck,0.5,4,1,0.25,0.6161423183202962,1095479912,manuscript,1881,8,32,4,"Accelerometer1RMS,Accelerometer2RMS,Current,Pressure,Temperature,Thermocouple,Voltage,RateRMS"
skab,stuck_s0.5_d4_r2,stuck,0.5,4,2,0.5,0.6439873693385924,1017397816,manuscript,1881,8,32,4,"Accelerometer1RMS,Accelerometer2RMS,Current,Pressure,Temperature,Thermocouple,Voltage,RateRMS"
skab,stuck_s0.5_d8_r0,stuck,0.5,8,0,0.1,0.05736852639725694,720903997,manuscript,1881,8,32,4,"Accelerometer1RMS,Accelerometer2RMS,Current,Pressure,Temperature,Thermocouple,Voltage,RateRMS"
skab,stuck_s0.5_d8_r1,stuck,0.5,8,1,0.25,0.47668514097689135,1057031662,manuscript,1881,8,32,4,"Accelerometer1RMS,Accelerometer2RMS,Current,Pressure,Temperature,Thermocouple,Voltage,RateRMS"
skab,stuck_s0.5_d8_r2,stuck,0.5,8,2,0.5,0.3060959740140307,407092015,manuscript,1881,8,32,4,"Accelerometer1RMS,Accelerometer2RMS,Current,Pressure,Temperature,Thermocouple,Voltage,RateRMS"
skab,stuck_s1_d1_r0,stuck,1.0,1,0,0.1,0.5031593097450925,1222670179,manuscript,1881,8,32,4,"Accelerometer1RMS,Accelerometer2RMS,Current,Pressure,Temperature,Thermocouple,Voltage,RateRMS"
skab,stuck_s1_d1_r1,stuck,1.0,1,1,0.25,0.417201309073933,841454900,manuscript,1881,8,32,4,"Accelerometer1RMS,Accelerometer2RMS,Current,Pressure,Temperature,Thermocouple,Voltage,RateRMS"
skab,stuck_s1_d1_r2,stuck,1.0,1,2,0.5,0.09036715888836726,789675962,manuscript,1881,8,32,4,"Accelerometer1RMS,Accelerometer2RMS,Current,Pressure,Temperature,Thermocouple,Voltage,RateRMS"
skab,stuck_s1_d2_r0,stuck,1.0,2,0,0.1,0.7235164670015402,393022611,manuscript,1881,8,32,4,"Accelerometer1RMS,Accelerometer2RMS,Current,Pressure,Temperature,Thermocouple,Voltage,RateRMS"
skab,stuck_s1_d2_r1,stuck,1.0,2,1,0.25,0.45950514189223574,1049171326,manuscript,1881,8,32,4,"Accelerometer1RMS,Accelerometer2RMS,Current,Pressure,Temperature,Thermocouple,Voltage,RateRMS"
skab,stuck_s1_d2_r2,stuck,1.0,2,2,0.5,0.7358408007092775,1900775799,manuscript,1881,8,32,4,"Accelerometer1RMS,Accelerometer2RMS,Current,Pressure,Temperature,Thermocouple,Voltage,RateRMS"
skab,stuck_s1_d4_r0,stuck,1.0,4,0,0.1,0.20453598055892758,121278771,manuscript,1881,8,32,4,"Accelerometer1RMS,Accelerometer2RMS,Current,Pressure,Temperature,Thermocouple,Voltage,RateRMS"
skab,stuck_s1_d4_r1,stuck,1.0,4,1,0.25,0.4706226400636556,858127678,manuscript,1881,8,32,4,"Accelerometer1RMS,Accelerometer2RMS,Current,Pressure,Temperature,Thermocouple,Voltage,RateRMS"
skab,stuck_s1_d4_r2,stuck,1.0,4,2,0.5,0.12801211970828338,273457087,manuscript,1881,8,32,4,"Accelerometer1RMS,Accelerometer2RMS,Current,Pressure,Temperature,Thermocouple,Voltage,RateRMS"
skab,stuck_s1_d8_r0,stuck,1.0,8,0,0.1,0.7231892467229456,183300962,manuscript,1881,8,32,4,"Accelerometer1RMS,Accelerometer2RMS,Current,Pressure,Temperature,Thermocouple,Voltage,RateRMS"
skab,stuck_s1_d8_r1,stuck,1.0,8,1,0.25,0.7113708961270522,639168792,manuscript,1881,8,32,4,"Accelerometer1RMS,Accelerometer2RMS,Current,Pressure,Temperature,Thermocouple,Voltage,RateRMS"
skab,stuck_s1_d8_r2,stuck,1.0,8,2,0.5,0.615267745770302,823107639,manuscript,1881,8,32,4,"Accelerometer1RMS,Accelerometer2RMS,Current,Pressure,Temperature,Thermocouple,Voltage,RateRMS"
skab,stuck_s2_d1_r0,stuck,2.0,1,0,0.1,0.4643464879485323,227804883,manuscript,1881,8,32,4,"Accelerometer1RMS,Accelerometer2RMS,Current,Pressure,Temperature,Thermocouple,Voltage,RateRMS"
skab,stuck_s2_d1_r1,stuck,2.0,1,1,0.25,0.3021480827349683,1605573707,manuscript,1881,8,32,4,"Accelerometer1RMS,Accelerometer2RMS,Current,Pressure,Temperature,Thermocouple,Voltage,RateRMS"
skab,stuck_s2_d1_r2,stuck,2.0,1,2,0.5,0.42922897780759217,363001306,manuscript,1881,8,32,4,"Accelerometer1RMS,Accelerometer2RMS,Current,Pressure,Temperature,Thermocouple,Voltage,RateRMS"
skab,stuck_s2_d2_r0,stuck,2.0,2,0,0.1,0.7033152564232583,1917609117,manuscript,1881,8,32,4,"Accelerometer1RMS,Accelerometer2RMS,Current,Pressure,Temperature,Thermocouple,Voltage,RateRMS"
skab,stuck_s2_d2_r1,stuck,2.0,2,1,0.25,0.2979710041369613,1722430651,manuscript,1881,8,32,4,"Accelerometer1RMS,Accelerometer2RMS,Current,Pressure,Temperature,Thermocouple,Voltage,RateRMS"
skab,stuck_s2_d2_r2,stuck,2.0,2,2,0.5,0.3689751491535479,1893588976,manuscript,1881,8,32,4,"Accelerometer1RMS,Accelerometer2RMS,Current,Pressure,Temperature,Thermocouple,Voltage,RateRMS"
skab,stuck_s2_d4_r0,stuck,2.0,4,0,0.1,0.5959039558755179,1078184367,manuscript,1881,8,32,4,"Accelerometer1RMS,Accelerometer2RMS,Current,Pressure,Temperature,Thermocouple,Voltage,RateRMS"
skab,stuck_s2_d4_r1,stuck,2.0,4,1,0.25,0.3713479751400081,1527957272,manuscript,1881,8,32,4,"Accelerometer1RMS,Accelerometer2RMS,Current,Pressure,Temperature,Thermocouple,Voltage,RateRMS"
skab,stuck_s2_d4_r2,stuck,2.0,4,2,0.5,0.7116750456106874,2099536527,manuscript,1881,8,32,4,"Accelerometer1RMS,Accelerometer2RMS,Current,Pressure,Temperature,Thermocouple,Voltage,RateRMS"
skab,stuck_s2_d8_r0,stuck,2.0,8,0,0.1,0.8185509616221903,999335202,manuscript,1881,8,32,4,"Accelerometer1RMS,Accelerometer2RMS,Current,Pressure,Temperature,Thermocouple,Voltage,RateRMS"
skab,stuck_s2_d8_r1,stuck,2.0,8,1,0.25,0.7993591477984296,840394552,manuscript,1881,8,32,4,"Accelerometer1RMS,Accelerometer2RMS,Current,Pressure,Temperature,Thermocouple,Voltage,RateRMS"
skab,stuck_s2_d8_r2,stuck,2.0,8,2,0.5,0.7766827688434581,1933305261,manuscript,1881,8,32,4,"Accelerometer1RMS,Accelerometer2RMS,Current,Pressure,Temperature,Thermocouple,Voltage,RateRMS"
skab,stuck_s3_d1_r0,stuck,3.0,1,0,0.1,0.16763723675339345,274584490,manuscript,1881,8,32,4,"Accelerometer1RMS,Accelerometer2RMS,Current,Pressure,Temperature,Thermocouple,Voltage,RateRMS"
skab,stuck_s3_d1_r1,stuck,3.0,1,1,0.25,0.6428916320661772,1392286880,manuscript,1881,8,32,4,"Accelerometer1RMS,Accelerometer2RMS,Current,Pressure,Temperature,Thermocouple,Voltage,RateRMS"
skab,stuck_s3_d1_r2,stuck,3.0,1,2,0.5,0.4730073337966317,1671738607,manuscript,1881,8,32,4,"Accelerometer1RMS,Accelerometer2RMS,Current,Pressure,Temperature,Thermocouple,Voltage,RateRMS"
skab,stuck_s3_d2_r0,stuck,3.0,2,0,0.1,0.2111447268295601,1136493412,manuscript,1881,8,32,4,"Accelerometer1RMS,Accelerometer2RMS,Current,Pressure,Temperature,Thermocouple,Voltage,RateRMS"
skab,stuck_s3_d2_r1,stuck,3.0,2,1,0.25,0.17862920362249024,1331995213,manuscript,1881,8,32,4,"Accelerometer1RMS,Accelerometer2RMS,Current,Pressure,Temperature,Thermocouple,Voltage,RateRMS"
skab,stuck_s3_d2_r2,stuck,3.0,2,2,0.5,0.16968446127463455,1681768165,manuscript,1881,8,32,4,"Accelerometer1RMS,Accelerometer2RMS,Current,Pressure,Temperature,Thermocouple,Voltage,RateRMS"
skab,stuck_s3_d4_r0,stuck,3.0,4,0,0.1,0.6325575770417506,319774688,manuscript,1881,8,32,4,"Accelerometer1RMS,Accelerometer2RMS,Current,Pressure,Temperature,Thermocouple,Voltage,RateRMS"
skab,stuck_s3_d4_r1,stuck,3.0,4,1,0.25,0.3798016886508134,165503318,manuscript,1881,8,32,4,"Accelerometer1RMS,Accelerometer2RMS,Current,Pressure,Temperature,Thermocouple,Voltage,RateRMS"
skab,stuck_s3_d4_r2,stuck,3.0,4,2,0.5,0.06920906519484485,512691168,manuscript,1881,8,32,4,"Accelerometer1RMS,Accelerometer2RMS,Current,Pressure,Temperature,Thermocouple,Voltage,RateRMS"
skab,stuck_s3_d8_r0,stuck,3.0,8,0,0.1,0.2843327007503956,1418139513,manuscript,1881,8,32,4,"Accelerometer1RMS,Accelerometer2RMS,Current,Pressure,Temperature,Thermocouple,Voltage,RateRMS"
skab,stuck_s3_d8_r1,stuck,3.0,8,1,0.25,0.4241600674283317,730465971,manuscript,1881,8,32,4,"Accelerometer1RMS,Accelerometer2RMS,Current,Pressure,Temperature,Thermocouple,Voltage,RateRMS"
skab,stuck_s3_d8_r2,stuck,3.0,8,2,0.5,0.4626195461141199,615143942,manuscript,1881,8,32,4,"Accelerometer1RMS,Accelerometer2RMS,Current,Pressure,Temperature,Thermocouple,Voltage,RateRMS"
skab,common_mode_s0.5_d1_r0,common_mode,0.5,1,0,0.5,0.5761174080063819,535007021,manuscript,1881,8,32,4,"Accelerometer1RMS,Accelerometer2RMS,Current,Pressure,Temperature,Thermocouple,Voltage,RateRMS"
skab,common_mode_s0.5_d1_r1,common_mode,0.5,1,1,0.5,0.6716392165633998,358443709,manuscript,1881,8,32,4,"Accelerometer1RMS,Accelerometer2RMS,Current,Pressure,Temperature,Thermocouple,Voltage,RateRMS"
skab,common_mode_s0.5_d1_r2,common_mode,0.5,1,2,0.5,0.6760122930326024,842002753,manuscript,1881,8,32,4,"Accelerometer1RMS,Accelerometer2RMS,Current,Pressure,Temperature,Thermocouple,Voltage,RateRMS"
skab,common_mode_s0.5_d2_r0,common_mode,0.5,2,0,0.5,0.35455619200526883,2023285286,manuscript,1881,8,32,4,"Accelerometer1RMS,Accelerometer2RMS,Current,Pressure,Temperature,Thermocouple,Voltage,RateRMS"
skab,common_mode_s0.5_d2_r1,common_mode,0.5,2,1,0.5,0.7485050096332718,932700979,manuscript,1881,8,32,4,"Accelerometer1RMS,Accelerometer2RMS,Current,Pressure,Temperature,Thermocouple,Voltage,RateRMS"
skab,common_mode_s0.5_d2_r2,common_mode,0.5,2,2,0.5,0.8451250475471128,201188064,manuscript,1881,8,32,4,"Accelerometer1RMS,Accelerometer2RMS,Current,Pressure,Temperature,Thermocouple,Voltage,RateRMS"
skab,common_mode_s0.5_d4_r0,common_mode,0.5,4,0,0.5,0.21976597988317487,1892505931,manuscript,1881,8,32,4,"Accelerometer1RMS,Accelerometer2RMS,Current,Pressure,Temperature,Thermocouple,Voltage,RateRMS"
skab,common_mode_s0.5_d4_r1,common_mode,0.5,4,1,0.5,0.12480276381967367,802834924,manuscript,1881,8,32,4,"Accelerometer1RMS,Accelerometer2RMS,Current,Pressure,Temperature,Thermocouple,Voltage,RateRMS"
skab,common_mode_s0.5_d4_r2,common_mode,0.5,4,2,0.5,0.7181133873660459,835363171,manuscript,1881,8,32,4,"Accelerometer1RMS,Accelerometer2RMS,Current,Pressure,Temperature,Thermocouple,Voltage,RateRMS"
skab,common_mode_s0.5_d8_r0,common_mode,0.5,8,0,0.5,0.8199211549487188,1043533125,manuscript,1881,8,32,4,"Accelerometer1RMS,Accelerometer2RMS,Current,Pressure,Temperature,Thermocouple,Voltage,RateRMS"
skab,common_mode_s0.5_d8_r1,common_mode,0.5,8,1,0.5,0.1656925638986797,521203025,manuscript,1881,8,32,4,"Accelerometer1RMS,Accelerometer2RMS,Current,Pressure,Temperature,Thermocouple,Voltage,RateRMS"
skab,common_mode_s0.5_d8_r2,common_mode,0.5,8,2,0.5,0.3376368951458732,1915172654,manuscript,1881,8,32,4,"Accelerometer1RMS,Accelerometer2RMS,Current,Pressure,Temperature,Thermocouple,Voltage,RateRMS"
skab,common_mode_s1_d1_r0,common_mode,1.0,1,0,0.5,0.23903254695396986,1817133546,manuscript,1881,8,32,4,"Accelerometer1RMS,Accelerometer2RMS,Current,Pressure,Temperature,Thermocouple,Voltage,RateRMS"
skab,common_mode_s1_d1_r1,common_mode,1.0,1,1,0.5,0.07415077540759167,1411161229,manuscript,1881,8,32,4,"Accelerometer1RMS,Accelerometer2RMS,Current,Pressure,Temperature,Thermocouple,Voltage,RateRMS"
skab,common_mode_s1_d1_r2,common_mode,1.0,1,2,0.5,0.4703757798619598,2061562670,manuscript,1881,8,32,4,"Accelerometer1RMS,Accelerometer2RMS,Current,Pressure,Temperature,Thermocouple,Voltage,RateRMS"
skab,common_mode_s1_d2_r0,common_mode,1.0,2,0,0.5,0.088804106065695,1017059396,manuscript,1881,8,32,4,"Accelerometer1RMS,Accelerometer2RMS,Current,Pressure,Temperature,Thermocouple,Voltage,RateRMS"
skab,common_mode_s1_d2_r1,common_mode,1.0,2,1,0.5,0.3973457865766308,948838435,manuscript,1881,8,32,4,"Accelerometer1RMS,Accelerometer2RMS,Current,Pressure,Temperature,Thermocouple,Voltage,RateRMS"
skab,common_mode_s1_d2_r2,common_mode,1.0,2,2,0.5,0.24891855933172208,654808958,manuscript,1881,8,32,4,"Accelerometer1RMS,Accelerometer2RMS,Current,Pressure,Temperature,Thermocouple,Voltage,RateRMS"
skab,common_mode_s1_d4_r0,common_mode,1.0,4,0,0.5,0.7942349991304624,1147158429,manuscript,1881,8,32,4,"Accelerometer1RMS,Accelerometer2RMS,Current,Pressure,Temperature,Thermocouple,Voltage,RateRMS"
skab,common_mode_s1_d4_r1,common_mode,1.0,4,1,0.5,0.17332600235420498,1284832690,manuscript,1881,8,32,4,"Accelerometer1RMS,Accelerometer2RMS,Current,Pressure,Temperature,Thermocouple,Voltage,RateRMS"
skab,common_mode_s1_d4_r2,common_mode,1.0,4,2,0.5,0.6557053002681746,90883675,manuscript,1881,8,32,4,"Accelerometer1RMS,Accelerometer2RMS,Current,Pressure,Temperature,Thermocouple,Voltage,RateRMS"
skab,common_mode_s1_d8_r0,common_mode,1.0,8,0,0.5,0.5290805310530393,793638424,manuscript,1881,8,32,4,"Accelerometer1RMS,Accelerometer2RMS,Current,Pressure,Temperature,Thermocouple,Voltage,RateRMS"
skab,common_mode_s1_d8_r1,common_mode,1.0,8,1,0.5,0.35394794734307017,139713507,manuscript,1881,8,32,4,"Accelerometer1RMS,Accelerometer2RMS,Current,Pressure,Temperature,Thermocouple,Voltage,RateRMS"
skab,common_mode_s1_d8_r2,common_mode,1.0,8,2,0.5,0.5955496300588848,1371266777,manuscript,1881,8,32,4,"Accelerometer1RMS,Accelerometer2RMS,Current,Pressure,Temperature,Thermocouple,Voltage,RateRMS"
skab,common_mode_s2_d1_r0,common_mode,2.0,1,0,0.5,0.276827413056085,833907764,manuscript,1881,8,32,4,"Accelerometer1RMS,Accelerometer2RMS,Current,Pressure,Temperature,Thermocouple,Voltage,RateRMS"
skab,common_mode_s2_d1_r1,common_mode,2.0,1,1,0.5,0.5445045997482062,1784682793,manuscript,1881,8,32,4,"Accelerometer1RMS,Accelerometer2RMS,Current,Pressure,Temperature,Thermocouple,Voltage,RateRMS"
skab,common_mode_s2_d1_r2,common_mode,2.0,1,2,0.5,0.5342148756059635,1895768059,manuscript,1881,8,32,4,"Accelerometer1RMS,Accelerometer2RMS,Current,Pressure,Temperature,Thermocouple,Voltage,RateRMS"
skab,common_mode_s2_d2_r0,common_mode,2.0,2,0,0.5,0.253170036643344,468164170,manuscript,1881,8,32,4,"Accelerometer1RMS,Accelerometer2RMS,Current,Pressure,Temperature,Thermocouple,Voltage,RateRMS"
skab,common_mode_s2_d2_r1,common_mode,2.0,2,1,0.5,0.3663016419032845,1970814748,manuscript,1881,8,32,4,"Accelerometer1RMS,Accelerometer2RMS,Current,Pressure,Temperature,Thermocouple,Voltage,RateRMS"
skab,common_mode_s2_d2_r2,common_mode,2.0,2,2,0.5,0.09378491464057807,72741065,manuscript,1881,8,32,4,"Accelerometer1RMS,Accelerometer2RMS,Current,Pressure,Temperature,Thermocouple,Voltage,RateRMS"
skab,common_mode_s2_d4_r0,common_mode,2.0,4,0,0.5,0.5801456548952512,512240413,manuscript,1881,8,32,4,"Accelerometer1RMS,Accelerometer2RMS,Current,Pressure,Temperature,Thermocouple,Voltage,RateRMS"
skab,common_mode_s2_d4_r1,common_mode,2.0,4,1,0.5,0.6261955808243976,679632533,manuscript,1881,8,32,4,"Accelerometer1RMS,Accelerometer2RMS,Current,Pressure,Temperature,Thermocouple,Voltage,RateRMS"
skab,common_mode_s2_d4_r2,common_mode,2.0,4,2,0.5,0.10986115404337751,726677486,manuscript,1881,8,32,4,"Accelerometer1RMS,Accelerometer2RMS,Current,Pressure,Temperature,Thermocouple,Voltage,RateRMS"
skab,common_mode_s2_d8_r0,common_mode,2.0,8,0,0.5,0.22134306409643106,1589419756,manuscript,1881,8,32,4,"Accelerometer1RMS,Accelerometer2RMS,Current,Pressure,Temperature,Thermocouple,Voltage,RateRMS"
skab,common_mode_s2_d8_r1,common_mode,2.0,8,1,0.5,0.7456412444626795,267360881,manuscript,1881,8,32,4,"Accelerometer1RMS,Accelerometer2RMS,Current,Pressure,Temperature,Thermocouple,Voltage,RateRMS"
skab,common_mode_s2_d8_r2,common_mode,2.0,8,2,0.5,0.601450644689863,1946763166,manuscript,1881,8,32,4,"Accelerometer1RMS,Accelerometer2RMS,Current,Pressure,Temperature,Thermocouple,Voltage,RateRMS"
skab,common_mode_s3_d1_r0,common_mode,3.0,1,0,0.5,0.3654293370321373,806969837,manuscript,1881,8,32,4,"Accelerometer1RMS,Accelerometer2RMS,Current,Pressure,Temperature,Thermocouple,Voltage,RateRMS"
skab,common_mode_s3_d1_r1,common_mode,3.0,1,1,0.5,0.6588905382734654,55078440,manuscript,1881,8,32,4,"Accelerometer1RMS,Accelerometer2RMS,Current,Pressure,Temperature,Thermocouple,Voltage,RateRMS"
skab,common_mode_s3_d1_r2,common_mode,3.0,1,2,0.5,0.5002540567746808,2063513580,manuscript,1881,8,32,4,"Accelerometer1RMS,Accelerometer2RMS,Current,Pressure,Temperature,Thermocouple,Voltage,RateRMS"
skab,common_mode_s3_d2_r0,common_mode,3.0,2,0,0.5,0.5065897495221351,176719112,manuscript,1881,8,32,4,"Accelerometer1RMS,Accelerometer2RMS,Current,Pressure,Temperature,Thermocouple,Voltage,RateRMS"
skab,common_mode_s3_d2_r1,common_mode,3.0,2,1,0.5,0.054924535468230666,219427869,manuscript,1881,8,32,4,"Accelerometer1RMS,Accelerometer2RMS,Current,Pressure,Temperature,Thermocouple,Voltage,RateRMS"
skab,common_mode_s3_d2_r2,common_mode,3.0,2,2,0.5,0.5406053453361536,969323884,manuscript,1881,8,32,4,"Accelerometer1RMS,Accelerometer2RMS,Current,Pressure,Temperature,Thermocouple,Voltage,RateRMS"
skab,common_mode_s3_d4_r0,common_mode,3.0,4,0,0.5,0.6921269001972725,1909101625,manuscript,1881,8,32,4,"Accelerometer1RMS,Accelerometer2RMS,Current,Pressure,Temperature,Thermocouple,Voltage,RateRMS"
skab,common_mode_s3_d4_r1,common_mode,3.0,4,1,0.5,0.23563641289598758,624071434,manuscript,1881,8,32,4,"Accelerometer1RMS,Accelerometer2RMS,Current,Pressure,Temperature,Thermocouple,Voltage,RateRMS"
skab,common_mode_s3_d4_r2,common_mode,3.0,4,2,0.5,0.31487494457076676,1544940511,manuscript,1881,8,32,4,"Accelerometer1RMS,Accelerometer2RMS,Current,Pressure,Temperature,Thermocouple,Voltage,RateRMS"
skab,common_mode_s3_d8_r0,common_mode,3.0,8,0,0.5,0.7951995734225235,127119536,manuscript,1881,8,32,4,"Accelerometer1RMS,Accelerometer2RMS,Current,Pressure,Temperature,Thermocouple,Voltage,RateRMS"
skab,common_mode_s3_d8_r1,common_mode,3.0,8,1,0.5,0.7545080647201825,1433268594,manuscript,1881,8,32,4,"Accelerometer1RMS,Accelerometer2RMS,Current,Pressure,Temperature,Thermocouple,Voltage,RateRMS"
skab,common_mode_s3_d8_r2,common_mode,3.0,8,2,0.5,0.10966993937757116,1293077578,manuscript,1881,8,32,4,"Accelerometer1RMS,Accelerometer2RMS,Current,Pressure,Temperature,Thermocouple,Voltage,RateRMS"
